{"metrics": {"PRF": "precision    recall    f1-score    support\n0.1    0.25    0.14285714285714288    None    "}, "predictions": [4, 4, 4, 4, 4], "uids": ["0", "1", "2", "3", "4"], "scores": [0.00010752295202109963, 0.00019035657169297338, 0.00011481651017675176, 5.5728101870045066e-05, 0.999531626701355, 4.368076770333573e-05, 6.670133006991819e-05, 7.3974922997877e-05, 2.531315476517193e-05, 0.999790370464325, 4.61760391772259e-05, 3.8322741602314636e-05, 5.182352470001206e-05, 1.82914845936466e-05, 0.9998453855514526, 2.6243114916724153e-05, 3.099590685451403e-05, 3.361129711265676e-05, 1.666004209255334e-05, 0.9998924732208252, 2.7797259463113733e-05, 3.773896605707705e-05, 3.803180152317509e-05, 1.5822972272871993e-05, 0.9998806715011597]}